200328,028003f6-14e3-3fd6-a16a-7d56d87ac1b5
2ndfinger,9a4404cc-9e11-3f4c-ac1c-7debd8e4468a
_nhiiyangho_,7c29b40d-8c02-3adb-a637-f39a6642cf50
_thnb_,c86c588a-3a74-3470-930f-83893d1fae23
accnay500k,ffd120da-6e1f-3795-ad8d-fdf74d447fcd
accnay50k,8df8048d-a7f2-378a-843f-1a0ed8c97034
adrenpcwwcuceh,de3767ee-5f67-3e98-97e3-6448362e45e2
ajxgrg,397620ab-981f-3c41-9572-315612a75247
algmbukxs,9ad93556-039a-3dcb-8f0d-337b10e427fb
amapngautljd,16798588-4b7d-3b5b-b029-113ee033dc65
anafk,9f25dad1-5baf-3856-8016-9fcf1ae665a7
anoggy,16c133a4-bf63-3118-8860-93f0f75147f1
antrc2,9e69a7e0-5fcd-3b8b-8c7f-847ba30156d2
anytb,97dc4cad-ad3d-3ef3-8b04-7e5440e9b127
aphe0114,5ec637e7-2439-3c97-bfd7-f6586239efdf
azami,6b34ed68-0014-3ecb-878f-58a77393965c
bakabaka_vn,0b95530c-7036-3eb5-b1c8-bb62287073ff
bcvymycthfakc,3a77132f-aaad-3fad-beac-a579feaee71d
bdrez,94f5ffd4-f87d-3ddd-ad0e-2ac1d745eaed
bearmcvn,a34d9f13-e436-341a-b9fc-f669258fdac6
blablablabla,443d9168-fec4-3f9f-ab2f-3a27c1235f11
blood_moon0,5df1e7c3-fcee-334c-91ac-4065baeef0e8
bluedream,1ea290d5-631f-3754-889e-d318a965d551
bok_huy,0d4b85d0-dbf8-3c8e-af76-0bfb10a8501f
bringmemytea,6d381bd8-5cf4-36a3-bce0-9db3ca06b18c
brokenheart,ddb96631-d583-3ab7-9bdf-3e0ab6093a7c
catlikecat,2b95f3b1-02c0-3a07-91b4-008e4cdb5758
ccewedelhnprok,d27931d8-0a1e-3a52-b707-3af47384c1de
changnotngu,2d69cca6-0f85-3f90-b78c-9b66b0e51636
chipbo123,147a30ad-9b87-397c-bd74-dd53bcabd9b0
concainitoke,9d900b12-2085-3f83-8452-5c6bf339c961
concu133vn,043e711d-486d-36b8-8b6c-fe5bb47ed72f
cookie0247,5c6bc348-5647-3b14-ab73-f5ded1042137
cpgv,efd406dd-9d8b-3143-8549-3daffd8de69b
craflowmc,30e534dc-f25a-3bac-bd73-6b668fc89ecc
cuoinhaudi,42b9088a-569d-3dd7-9f75-5f3ec61e72ad
dehzrztsr,667cc365-becd-3e43-9ef6-4c61be4e692f
depzaivailon,0fc2dfc3-c517-3b2a-89ff-37e423fe544e
djibriel1929,cd5251b8-0bb8-3e7d-8ee8-56d0f092557f
dmuqndkn,04b79b9e-b551-3e41-ab9b-535e4b131859
dnhgamer,eb738b87-c1ac-3574-a93a-8fbd9a1a4210
dqxlgtysllxooriu,8b7ab967-12ea-3a36-a511-7c5bd60da255
dratick,9c1e5ba5-4e40-344e-b92e-7fc0891eab78
dreamlesz,035a4e3c-013d-32a6-be57-b2b3da5e05b8
duc,41445b3c-0c96-38a2-937b-7353fde4e0ad
ducthanh,9c19b051-5888-3a7c-b43e-d578a27ea3b0
ducthanh200328,ff8acbfc-b7cd-3814-bf01-4f4064dd3a05
egxcl,2aced83f-3d6b-3348-b0ac-a4de6e212fed
emrdtfdr,7f37db16-01d7-37cc-888c-c929932c2fc5
exploiter,9bc27661-0e3e-3882-b975-0bfd3f90d1fe
exugoeqgow,6c05e43d-0f4d-3ff0-8d64-b37e377b068d
eyjysxsmnxbuhng,ccaf34d2-2d97-37a7-a68d-ff28d9007e36
ferrari,6a9f6529-b74a-33ba-8f32-ac699b276141
fishingbot,68cf3958-9bd0-339d-8cce-110755a590ab
fkzgpgayubzbfjk,f0e74cd6-28d6-3795-bf7e-f5adce1b2369
fmora1512,79d2954b-7f3c-322c-83a2-bd0524788eeb
fnha,c26f1232-a10e-3b90-9fe5-33a2da353665
fsady,462a2ab1-f400-328f-b472-7131b8b6d01f
fsq_hanhh,3bc0b163-4a7a-35fe-b50e-0d9d060a4b94
fullsize,a886decd-9301-3815-97f0-cd03c9d51dfb
fzauzpgd,5cf2bf64-a268-3107-bebd-19760d57dfd0
gaboxr,892ef1d0-53e0-3f9c-a147-21d355eaf048
gducaqhaibnezk,521b08f8-5ca0-3ca9-afaa-f402efaab315
ghostlight_vn,d047eabd-7e9e-3a01-8d93-4e4a935c2d04
gipcjlnm,3b86542f-68f4-346a-9fd5-4a0b7c4ae715
gnizdjfopa,db91e3b6-56cd-3835-bbb2-3527b7c9e6b2
granz3410p,8c725044-0215-3d96-99de-118a5707f7a6
gristseiomegar,54892c2d-792e-3a8e-a613-8953b3c570c7
gtddnwmvgrzgww,f87d1621-20e4-3037-831d-9c992b2e86e9
gurchus,4a74eda9-d2f6-3452-834a-2e39ec54a7a9
hak0u,5093de25-0c2d-311d-93ca-cce7fe7eae42
hanh,3572707c-a6bb-3c9c-be3a-b4be6b215369
hanh2,78c9fed0-4c10-34a5-808d-d34f74bb234a
hanhhackervn,43419d45-be51-3691-b2c7-8a1003dcb4fe
hanhtrumtruong,4e35f5fa-68b6-3fde-b89c-d9577e34507f
hkxgt,db046388-cbb8-30e4-8f0a-24e5e5b577aa
hoanganhsurvival,7bc779e6-9f38-3660-a31b-634e6dd8f6fb
hoangquoc7147,1bac2411-8782-397e-bcf6-1ef1690bde15
hoangsurvival,9eb25992-3f85-3243-aeda-58e4aa5a511a
hp_thanh,dbf06683-79b7-3790-ab7c-325110399853
hungnguyennaz,184f1941-bd70-3d0a-80f9-5140b162770a
hungvncraft,de560774-fc81-32b7-baf1-893a7b6483f1
huykiara,c17015eb-5acb-356f-aaac-6fc3c5779f53
huynhhuuquoc,82da62d8-f73e-36f1-be67-c2d865dbbb9e
ijaccy_vn,7551738d-8e8d-3ef6-bf66-3c0bf378dd35
ijsnkjzpbaqjo,db24b815-8260-313d-9e59-4cc942f67ad1
imrexoze,06474406-cc8e-3c7d-9b32-acbafe848ceb
iqeihylyisxjb,cd1bbd37-1311-35ae-b8d5-d9231ee9e7ed
itliu,ef9c9cb0-716c-36b3-ab43-94b7c55cb617
itzsponky,15811719-57d2-3073-b2e4-c1c15d7a55e5
ixaslxdqect,711fc54d-02d1-38e0-beb4-8b407fc034e2
jcjwqvecwwtfysc,f5e33db5-cfc2-387e-b85c-c49ee8208bde
jdragong,6480f672-5a32-314f-b96c-5195b19de4b7
jvek,3dbc597d-494a-3df4-95c1-42b3a4dab271
jyhlqcwnqxsub,7fb07286-fbfb-3054-8cd3-e097152e945d
kalosx,c85c6756-0293-3b20-a0f4-fae05aebc886
kcin,b48886b6-bf8f-3778-873a-b720c3fc1adb
kinbon_2k3,f378d685-cbc8-3832-8278-3d924bc5a033
kisale_tn,daf78a1b-e032-3c0a-9c52-cf7bbbb12c1a
kk_uotz,5852ad8d-a9e5-33a9-b331-44b8e1ee9219
kneb,997d7004-30fb-3dfb-8710-055fd4e83a86
kocoj,718bf2cb-d498-3662-bda1-6becdd4ea36b
kptqxo,b31ec692-9510-3979-af0c-70fe15cfb584
kutaki,8e162fba-3571-3e42-8e65-214b442d7d98
kuuqeihmuyo,78318919-0957-3ec8-a1fc-3c16be89aead
kydslk,4f280323-3d6b-3244-969b-5aa5b0197abd
l4gtesnub1,4a27029d-f749-3e72-8198-26970d3419d8
larrytodope,c287f543-38aa-3604-9b79-befc8d9ef71e
las922,d7ed2fee-3541-3ed2-9c01-8324180742df
ldaring_,81b6dd49-520d-3d47-b68a-b6d3c3594ff1
lgemgau,943cba1f-4143-3cc4-9514-f2fb0b387432
lhoanganh,d8162a63-2e3f-3a5b-9f17-854c1903aa47
llhebs,59a96a31-8363-35f8-8e9d-5a89963c9a23
llpcsrurrcpjh,8e0386bd-e6cc-34e7-9681-cf21bbf5482c
lyufjvhnhwn,70751deb-56d4-35e5-b2ff-4f109c63c554
md_5,c70f922a-984d-37b1-94a2-58bf198a55e5
meikomenma,3ab18cea-37c6-38b4-97c0-4f370bd82687
memaybeo,ed37df6f-7337-3b05-adbd-8e1405588bb9
mgtilvtgsyzv,cdc82318-d02f-3043-8817-912170e0fdd6
mhkqgsgsnbld,fe278ac3-7647-3ca2-85b1-78ff3f538e31
mhskyblock,3fc9bf56-df97-3392-aa96-2833e66e48c4
mikonoru,e4acc8d7-f224-3cfe-9f7e-822f37d11b8b
mineplkoqa,fc81d4f5-5543-3bfd-b1a6-6bca0664fad1
minetuan1904,14955e2a-ea84-340f-8666-6a812182b1ee
mkqctcndefakaslb,d32f12c8-89ad-3225-b420-af6b5b19a711
moitapchoi,de3cede8-3aad-3279-8d44-0c88ac439180
monleo2x,a053d244-95a1-3b0d-bf92-4922f980f4e0
mptijxgqeodga,71f8dbc4-b3a1-3e75-a1ae-56f7c23e710d
mr_shiron,4c43ae1b-ed82-3cc0-8ea1-a28a92dacbd0
mxuojknpaqqi,9f529ca0-7e6e-3f24-9816-df2c8dfb3679
nam_p_q_,667e8d68-651f-3903-b020-3861b9ebd90e
namhack1,2431507d-e3d9-345c-afaf-d4fbe2fe40c6
nghoang,146cdaca-7b40-307b-9ef1-7425330b0650
nghoangf,63bda27a-d136-3b4d-9c16-73156d007403
nhattruong2,8855f425-33a9-397f-b922-888689900c0c
ninym,c7c8ab7e-1845-3013-920d-aa1c3b0ac55e
nnajl,2798b5b2-38b2-3309-9a36-43f828bd8ba9
nnbzrb,2db8cd09-728b-3512-9090-f2b928d48e95
nnfieupgeqz,3ebd82af-f799-3f90-9d44-802fa9b05fa3
notxrobuya,56d8ffbf-ff2c-36e8-8a1b-6702a20dac96
npgaming1,96c98ef8-69c1-3031-93ff-fbbe287e22f7
ntnnhudog,2c571dcc-798d-3d3b-bcb8-50d17561c6eb
nttlq,d4352559-a9db-3af0-83de-2b85ad744a25
nwpwopwwdjtjygf,bbb8c6aa-d254-3953-bbf3-cc25ad7fe119
obxenlldrgpazqzy,398de8bc-bcb4-34a3-80af-4ac832464dfe
oddloop,bb3e94e4-8e57-39f8-936b-7ea132f556b5
ofgame,ebe3e4c4-5b6d-3796-9a41-3da951b59bea
ojwneygee,633e06ea-b54d-3a48-a2a3-ab644c2f8646
ombsnbgclba,8a019498-c867-3ec9-b803-bbf1386c8dba
opxitefurmsr,5c4865c7-d71a-3ea9-aefb-fff66f0f1c7c
osjvljj,5ef64f37-7d30-34b4-88df-78d114c791aa
ovelow,3af64227-eb1c-322b-98a6-8a9b272aaaef
p_nhi,aaea3ea6-526b-3ed9-bae4-c4b03969a68d
phamtrungkien,f6ad5e69-1c23-3e4b-94ee-e85803e9b76d
phungduc,4d839cfe-1ba9-332a-9a35-05dd73275833
physicalcherries,2cc83d4b-8d18-3862-8bbf-ac3ed1f25df2
plbmcn,e09cc1c4-6851-3b78-953f-a31e47818988
pmsdflvqcup,16edd78d-a0ab-3856-9206-40a6ffd4aef3
pnpt,df88f903-1778-324e-b741-ac22e478f132
pt5n_fake,f0b5a300-9f64-35be-a8c6-2a31106c2f2a
puzgiqmhhqsrfzt,d3797c36-7fa6-3e4a-8cb3-742d555074bc
qbcgzyfox,52cfb0c5-d02e-3438-8796-1d14c4280ce1
qldsz,211afe15-1939-3e0f-ae22-95f1645f8743
qmoaadmq,1ae7b050-d59e-3666-981f-2d95ca0d4f24
ray,6a78ec1d-8dd3-3501-a4ad-4621bd5a5420
raytest,f3dd11d7-5b52-3670-ba0b-1b434c0a3bcf
rednope,ba66a196-3dc5-353b-b661-1c85ab60eec2
rinqgrucozkpvmkc,113218bb-7dcd-3c40-ac10-72c9f4eb41c7
ro_bot_1,dc0ee8d3-eaa6-31af-aeda-1e094c148cda
roievoyzizamsfh,99df0a60-ebb5-3bc8-ad33-a8ac504ad407
rptben,eccfa348-a7a3-3178-a738-79c1deb266e8
rweyngtqrjq,a49951fc-eddd-3a09-9ce5-6fb5bd80470c
rwsjkiyefuctztqg,72a3244b-3c90-322a-b4c0-69402038f3e6
salmonpineapple,cd72aa39-10ab-3f95-a8d6-9d724a4be8da
sammyate,5d51f6b9-d4aa-3533-8a43-b95a2a5f14e6
sergasi,a4612669-f174-3e0a-bfe7-113100e2a839
serverdowner,f2f73ca7-55f1-3965-a158-a57855881549
sev_ghost,09e985ae-7b5d-3fa9-bff4-2095f6668afd
sgnentchtrrghtvq,41c94c9a-69cd-3989-b82a-4d8266d72139
sgtfury7,7b41922f-9414-38fe-9864-393088b98b0b
shopkeeper,21e437e3-aabf-3033-9702-1c9fba6e9777
shusaura,6992ee02-60d5-39f7-9de4-e2e8d03d3d99
simonkno2772,03b15f53-031e-35fb-b8e8-c7e14864f740
skt_gaming,4ea67e83-bf3a-306a-94ba-2065464847e9
sl_tiger,7cf0bba6-d8fc-3703-b939-75d9cfb7fd6b
snxg,e0122a16-69f5-32d2-9cfd-40769b0384ca
spzaiesbmhuacolx,48a91a64-5a0d-38e8-99a3-ce0674c91f65
sq_antrc2,9ee69b5a-7132-3e5e-aa42-3673e749ff8f
sq_fake,c3593597-8247-3b27-923c-ce3ae903b30f
sq_serverdowner,76ce6cc4-aa47-3f9d-a446-b7c17332fe68
sq_weingu,b5551087-6bd0-3462-953f-a58d865d4748
sqvjmiawine,fedc3b8b-9838-36f5-9462-27f11dadcfcc
stiller,8d8fa3d3-c1e6-3790-ac5e-f5c78059bf46
stwe1985,0570626f-df67-3226-b55d-7d4e05b07a11
tcuongg,f8b0c8e8-d3e7-3368-aa0c-c7b347b322a2
thanh,f08e55e3-e673-35d6-afca-36dd6ee47074
thanhlongvn1,86eceab3-8108-3e85-9f91-213ef1993de4
tideptrainhatvn,90875777-fe53-3946-92a0-425a42d82071
titouan41,f78209f6-8690-3c7f-a7cc-97eaf6075c08
tk1911,cdaeea80-0992-335d-a9ac-f06076695e82
tofu_152,58a9378a-6fec-34c6-ba95-107ee5a6d9ce
trankelix,e3f75888-9d95-3a3d-b600-ef191479f7d1
trankelixreal,44129cbb-9e57-37a8-8ad8-7b482d5ce4c7
trankelixthuba,1a54faff-e3a3-319d-a4f9-ddc43b08e479
trankelixthuhai,b86833ec-57b1-38c1-b656-443b9cc6664b
trumgamepc,15088351-9e45-3452-9522-e1ebc3ab86ba
ucrd,ef1d72a3-46d3-38d2-be9d-ec33df0bfdf8
ufdajiq,5661550d-a858-3b93-bfc2-cdd2b675ac18
uhoavmnvbeydn,929471c6-a9e7-329c-91ac-7c10d78b76a5
unoriginal101,0471cb21-79c8-30b4-ba4f-ed228aa07333
unplase111,95313a21-a642-3cfd-93fc-77f20c9e21c8
uvbff,5f87c20a-c8ed-33df-b983-d924535582d6
uynsl,785bab0b-2d29-33ca-bcfd-2bb1de2eba11
vdtmrtzndrdtsmkk,a9a726fe-81c3-3e98-9b2e-96a10c641387
vewwhtgyfl,ac6757d9-4490-3e77-a941-49f31aa2ba61
vinhss1,1362ce49-8ef6-3376-9b6f-4f7701393f6b
vinktnl,da5ab7cc-04c8-3ee6-b991-eeef73d22cfc
vrbozb,a9d3d752-c013-3dca-a208-15a73cb9cf53
wdungx,e904c535-a799-3a32-a955-4faa649ad5da
wigen,7f78f794-762b-32f6-9165-61edb8ecd710
wrshl,df23d35a-af8f-3a15-a2d4-658f47c23218
wumohsbtunyuib,aca7b0c2-29da-35cc-92f4-8945079735fe
wwww,ff2bade5-f259-35bf-b6ba-dbc57b7b3786
xdddd,1dc5e8ee-dfe5-3f47-8c50-e3a7e64193d5
xeljdo,ee987c0b-742b-3653-b150-7630a352f991
xjbmmd,728d8bc7-7c85-37d0-ba62-047177eb15fa
xkntrlyle,39df7983-8266-3ae8-b5f1-8fe6b0e5cb46
xlewnwptqitywk,9bbc0b93-937b-3fe5-a785-70a5b844637e
xrwyablwsdlnqjzf,0bd98c19-65c0-34a0-bfe0-f64d40b96923
yn_nhadepzai,cfdc82ea-f99d-3612-9bc4-6dc1fc2b79e0
yta_paomain,f39cba5d-a195-30c4-a2d7-a5c7ca6e1a76
ytb_pann,f2b2b5c3-30eb-3ac9-a98b-68a147aa9b86
zerrogaming,f2c463df-8609-3d72-ba0f-3f8f574c7ddd
zhaoyun,2b1a0a05-26cc-3c1c-9b40-e87240d691fd
zz_lntn_zz,389292e2-aecc-327a-aff4-17d98156880b
zz_ttht_zz,90d3ecb9-6f69-350c-88f2-5bdf2a5ce444
zzeus_,dc167068-23b5-3545-a54e-1d3191822c80
